[
  {
    "ts": "2020-02-14T17:41:00Z",
    "username": "qpt236b07dt54upa5oea4q5cr",
    "platform": "Windows 10 (10.0.18363; x64; AppX)",
    "ms_played": 5418,
    "conn_country": "NO",
    "ip_addr_decrypted": "84.215.55.136",
    "user_agent_decrypted": "unknown",
    "master_metadata_track_name": null,
    "master_metadata_album_artist_name": null,
    "master_metadata_album_album_name": null,
    "spotify_track_uri": null,
    "episode_name": "The Slow Rush Time Warp",
    "episode_show_name": "Spotify",
    "spotify_episode_uri": "spotify:episode:1JllOndqqN7u2jWwUXlEpY",
    "reason_start": "remote",
    "reason_end": "requested",
    "shuffle": false,
    "skipped": null,
    "offline": null,
    "offline_timestamp": null,
    "incognito_mode": false
  },
  {
    "ts": "2020-02-15T04:22:20Z",
    "username": "qpt236b07dt54upa5oea4q5cr",
    "platform": "Android OS 9 API 28 (samsung, SM-G965F)",
    "ms_played": 23516,
    "conn_country": "NO",
    "ip_addr_decrypted": "84.215.55.136",
    "user_agent_decrypted": "unknown",
    "master_metadata_track_name": null,
    "master_metadata_album_artist_name": null,
    "master_metadata_album_album_name": null,
    "spotify_track_uri": null,
    "episode_name": "The Slow Rush Time Warp",
    "episode_show_name": "Spotify",
    "spotify_episode_uri": "spotify:episode:1JllOndqqN7u2jWwUXlEpY",
    "reason_start": "clickrow",
    "reason_end": "endplay",
    "shuffle": false,
    "skipped": null,
    "offline": null,
    "offline_timestamp": null,
    "incognito_mode": false
  },
  {
    "ts": "2021-02-14T15:58:51Z",
    "username": "qpt236b07dt54upa5oea4q5cr",
    "platform": "Windows 10 (10.0.19041; x64; AppX)",
    "ms_played": 0,
    "conn_country": "NO",
    "ip_addr_decrypted": "84.214.100.67",
    "user_agent_decrypted": "unknown",
    "master_metadata_track_name": null,
    "master_metadata_album_artist_name": null,
    "master_metadata_album_album_name": null,
    "spotify_track_uri": null,
    "episode_name": "#1609 - Elon Musk",
    "episode_show_name": "The Joe Rogan Experience",
    "spotify_episode_uri": "spotify:episode:2aB2swgyXqbFA06AxPlFmr",
    "reason_start": "remote",
    "reason_end": "endplay",
    "shuffle": false,
    "skipped": null,
    "offline": null,
    "offline_timestamp": null,
    "incognito_mode": false
  },
  {
    "ts": "2021-06-30T07:45:43Z",
    "username": "qpt236b07dt54upa5oea4q5cr",
    "platform": "Android OS 10 API 29 (samsung, SM-G965F)",
    "ms_played": 10371,
    "conn_country": "NO",
    "ip_addr_decrypted": "213.239.69.50",
    "user_agent_decrypted": "unknown",
    "master_metadata_track_name": null,
    "master_metadata_album_artist_name": null,
    "master_metadata_album_album_name": null,
    "spotify_track_uri": null,
    "episode_name": "#1675 - Quentin Tarantino",
    "episode_show_name": "The Joe Rogan Experience",
    "spotify_episode_uri": "spotify:episode:5cdu4y60lq6QXyUbhMpVWH",
    "reason_start": "clickrow",
    "reason_end": "backbtn",
    "shuffle": false,
    "skipped": null,
    "offline": null,
    "offline_timestamp": null,
    "incognito_mode": false
  },
  {
    "ts": "2021-06-30T07:45:44Z",
    "username": "qpt236b07dt54upa5oea4q5cr",
    "platform": "Android OS 10 API 29 (samsung, SM-G965F)",
    "ms_played": 621,
    "conn_country": "NO",
    "ip_addr_decrypted": "213.239.69.50",
    "user_agent_decrypted": "unknown",
    "master_metadata_track_name": null,
    "master_metadata_album_artist_name": null,
    "master_metadata_album_album_name": null,
    "spotify_track_uri": null,
    "episode_name": "#1674 - Clay Newcomb",
    "episode_show_name": "The Joe Rogan Experience",
    "spotify_episode_uri": "spotify:episode:27m6RWnuJWGquqLKtkcwNe",
    "reason_start": "backbtn",
    "reason_end": "fwdbtn",
    "shuffle": false,
    "skipped": null,
    "offline": null,
    "offline_timestamp": null,
    "incognito_mode": false
  },
  {
    "ts": "2021-06-30T09:51:12Z",
    "username": "qpt236b07dt54upa5oea4q5cr",
    "platform": "Android OS 10 API 29 (samsung, SM-G965F)",
    "ms_played": 3730082,
    "conn_country": "NO",
    "ip_addr_decrypted": "213.239.69.50",
    "user_agent_decrypted": "unknown",
    "master_metadata_track_name": null,
    "master_metadata_album_artist_name": null,
    "master_metadata_album_album_name": null,
    "spotify_track_uri": null,
    "episode_name": "#1675 - Quentin Tarantino",
    "episode_show_name": "The Joe Rogan Experience",
    "spotify_episode_uri": "spotify:episode:5cdu4y60lq6QXyUbhMpVWH",
    "reason_start": "fwdbtn",
    "reason_end": "endplay",
    "shuffle": false,
    "skipped": null,
    "offline": null,
    "offline_timestamp": null,
    "incognito_mode": false
  },
  {
    "ts": "2021-06-30T11:42:41Z",
    "username": "qpt236b07dt54upa5oea4q5cr",
    "platform": "Android OS 10 API 29 (samsung, SM-G965F)",
    "ms_played": 6631525,
    "conn_country": "NO",
    "ip_addr_decrypted": "213.239.69.50",
    "user_agent_decrypted": "unknown",
    "master_metadata_track_name": null,
    "master_metadata_album_artist_name": null,
    "master_metadata_album_album_name": null,
    "spotify_track_uri": null,
    "episode_name": "#1675 - Quentin Tarantino",
    "episode_show_name": "The Joe Rogan Experience",
    "spotify_episode_uri": "spotify:episode:5cdu4y60lq6QXyUbhMpVWH",
    "reason_start": "appload",
    "reason_end": "trackdone",
    "shuffle": false,
    "skipped": null,
    "offline": null,
    "offline_timestamp": null,
    "incognito_mode": false
  },
  {
    "ts": "2021-06-30T11:52:49Z",
    "username": "qpt236b07dt54upa5oea4q5cr",
    "platform": "Android OS 10 API 29 (samsung, SM-G965F)",
    "ms_played": 0,
    "conn_country": "NO",
    "ip_addr_decrypted": "213.239.69.50",
    "user_agent_decrypted": "unknown",
    "master_metadata_track_name": null,
    "master_metadata_album_artist_name": null,
    "master_metadata_album_album_name": null,
    "spotify_track_uri": null,
    "episode_name": "#1590 - Phil Demers",
    "episode_show_name": "The Joe Rogan Experience",
    "spotify_episode_uri": "spotify:episode:6JDZgjywtlxWXO7V5NOjOg",
    "reason_start": "trackdone",
    "reason_end": "endplay",
    "shuffle": false,
    "skipped": null,
    "offline": null,
    "offline_timestamp": null,
    "incognito_mode": false
  },
  {
    "ts": "2021-12-01T16:49:18Z",
    "username": "qpt236b07dt54upa5oea4q5cr",
    "platform": "Android OS 11 API 30 (samsung, SM-G998B)",
    "ms_played": 14510,
    "conn_country": "NO",
    "ip_addr_decrypted": "84.215.54.228",
    "user_agent_decrypted": "unknown",
    "master_metadata_track_name": null,
    "master_metadata_album_artist_name": null,
    "master_metadata_album_album_name": null,
    "spotify_track_uri": null,
    "episode_name": "Rich Brian",
    "episode_show_name": "2021 Wrapped",
    "spotify_episode_uri": "spotify:episode:30HUT3U8ViYwtiEg6cH6lj",
    "reason_start": "clickrow",
    "reason_end": "trackdone",
    "shuffle": false,
    "skipped": null,
    "offline": null,
    "offline_timestamp": null,
    "incognito_mode": false
  },
  {
    "ts": "2021-12-01T16:59:45Z",
    "username": "qpt236b07dt54upa5oea4q5cr",
    "platform": "Android OS 11 API 30 (samsung, SM-G998B)",
    "ms_played": 5964,
    "conn_country": "NO",
    "ip_addr_decrypted": "84.215.54.228",
    "user_agent_decrypted": "unknown",
    "master_metadata_track_name": null,
    "master_metadata_album_artist_name": null,
    "master_metadata_album_album_name": null,
    "spotify_track_uri": null,
    "episode_name": "Coldplay",
    "episode_show_name": "2021 Wrapped",
    "spotify_episode_uri": "spotify:episode:2TLr4MOu98oOV0amb3rbcD",
    "reason_start": "clickrow",
    "reason_end": "trackdone",
    "shuffle": false,
    "skipped": null,
    "offline": null,
    "offline_timestamp": null,
    "incognito_mode": false
  },
  {
    "ts": "2021-12-01T17:53:27Z",
    "username": "qpt236b07dt54upa5oea4q5cr",
    "platform": "Android OS 11 API 30 (samsung, SM-G998B)",
    "ms_played": 5967,
    "conn_country": "NO",
    "ip_addr_decrypted": "84.215.54.228",
    "user_agent_decrypted": "unknown",
    "master_metadata_track_name": null,
    "master_metadata_album_artist_name": null,
    "master_metadata_album_album_name": null,
    "spotify_track_uri": null,
    "episode_name": "Coldplay",
    "episode_show_name": "2021 Wrapped",
    "spotify_episode_uri": "spotify:episode:2TLr4MOu98oOV0amb3rbcD",
    "reason_start": "clickrow",
    "reason_end": "trackdone",
    "shuffle": false,
    "skipped": null,
    "offline": null,
    "offline_timestamp": null,
    "incognito_mode": false
  },
  {
    "ts": "2021-12-01T18:00:24Z",
    "username": "qpt236b07dt54upa5oea4q5cr",
    "platform": "Windows 10 (10.0.19043; x64; AppX)",
    "ms_played": 0,
    "conn_country": "NO",
    "ip_addr_decrypted": "84.215.54.228",
    "user_agent_decrypted": "unknown",
    "master_metadata_track_name": null,
    "master_metadata_album_artist_name": null,
    "master_metadata_album_album_name": null,
    "spotify_track_uri": null,
    "episode_name": "Coldplay",
    "episode_show_name": "2021 Wrapped",
    "spotify_episode_uri": "spotify:episode:2TLr4MOu98oOV0amb3rbcD",
    "reason_start": "remote",
    "reason_end": "endplay",
    "shuffle": false,
    "skipped": null,
    "offline": null,
    "offline_timestamp": null,
    "incognito_mode": false
  },
  {
    "ts": "2021-12-01T18:19:57Z",
    "username": "qpt236b07dt54upa5oea4q5cr",
    "platform": "Windows 10 (10.0.19043; x64; AppX)",
    "ms_played": 0,
    "conn_country": "NO",
    "ip_addr_decrypted": "84.215.54.228",
    "user_agent_decrypted": "unknown",
    "master_metadata_track_name": null,
    "master_metadata_album_artist_name": null,
    "master_metadata_album_album_name": null,
    "spotify_track_uri": null,
    "episode_name": "Coldplay",
    "episode_show_name": "2021 Wrapped",
    "spotify_episode_uri": "spotify:episode:2TLr4MOu98oOV0amb3rbcD",
    "reason_start": "remote",
    "reason_end": "endplay",
    "shuffle": false,
    "skipped": null,
    "offline": null,
    "offline_timestamp": null,
    "incognito_mode": false
  },
  {
    "ts": "2021-12-01T18:20:04Z",
    "username": "qpt236b07dt54upa5oea4q5cr",
    "platform": "Windows 10 (10.0.19043; x64; AppX)",
    "ms_played": 5982,
    "conn_country": "NO",
    "ip_addr_decrypted": "84.215.54.228",
    "user_agent_decrypted": "unknown",
    "master_metadata_track_name": null,
    "master_metadata_album_artist_name": null,
    "master_metadata_album_album_name": null,
    "spotify_track_uri": null,
    "episode_name": "Coldplay",
    "episode_show_name": "2021 Wrapped",
    "spotify_episode_uri": "spotify:episode:2TLr4MOu98oOV0amb3rbcD",
    "reason_start": "clickrow",
    "reason_end": "trackdone",
    "shuffle": false,
    "skipped": null,
    "offline": null,
    "offline_timestamp": null,
    "incognito_mode": false
  },
  {
    "ts": "2021-12-01T19:28:16Z",
    "username": "qpt236b07dt54upa5oea4q5cr",
    "platform": "Android OS 11 API 30 (samsung, SM-G998B)",
    "ms_played": 858,
    "conn_country": "NO",
    "ip_addr_decrypted": "84.215.54.228",
    "user_agent_decrypted": "unknown",
    "master_metadata_track_name": null,
    "master_metadata_album_artist_name": null,
    "master_metadata_album_album_name": null,
    "spotify_track_uri": null,
    "episode_name": "Coldplay",
    "episode_show_name": "2021 Wrapped",
    "spotify_episode_uri": "spotify:episode:2TLr4MOu98oOV0amb3rbcD",
    "reason_start": "backbtn",
    "reason_end": "endplay",
    "shuffle": false,
    "skipped": null,
    "offline": null,
    "offline_timestamp": null,
    "incognito_mode": false
  },
  {
    "ts": "2021-12-02T21:21:16Z",
    "username": "qpt236b07dt54upa5oea4q5cr",
    "platform": "Windows 10 (10.0.19043; x64; AppX)",
    "ms_played": 4766,
    "conn_country": "NO",
    "ip_addr_decrypted": "84.215.54.228",
    "user_agent_decrypted": "unknown",
    "master_metadata_track_name": null,
    "master_metadata_album_artist_name": null,
    "master_metadata_album_album_name": null,
    "spotify_track_uri": null,
    "episode_name": "Rich Brian",
    "episode_show_name": "2021 Wrapped",
    "spotify_episode_uri": "spotify:episode:30HUT3U8ViYwtiEg6cH6lj",
    "reason_start": "trackdone",
    "reason_end": "endplay",
    "shuffle": false,
    "skipped": null,
    "offline": null,
    "offline_timestamp": null,
    "incognito_mode": false
  },
  {
    "ts": "2021-12-02T22:02:09Z",
    "username": "qpt236b07dt54upa5oea4q5cr",
    "platform": "Windows 10 (10.0.19043; x64; AppX)",
    "ms_played": 3030,
    "conn_country": "NO",
    "ip_addr_decrypted": "84.215.54.228",
    "user_agent_decrypted": "unknown",
    "master_metadata_track_name": null,
    "master_metadata_album_artist_name": null,
    "master_metadata_album_album_name": null,
    "spotify_track_uri": null,
    "episode_name": "Coldplay",
    "episode_show_name": "2021 Wrapped",
    "spotify_episode_uri": "spotify:episode:2TLr4MOu98oOV0amb3rbcD",
    "reason_start": "trackdone",
    "reason_end": "endplay",
    "shuffle": false,
    "skipped": null,
    "offline": null,
    "offline_timestamp": null,
    "incognito_mode": false
  },
  {
    "ts": "2021-12-03T19:51:13Z",
    "username": "qpt236b07dt54upa5oea4q5cr",
    "platform": "Windows 10 (10.0.19043; x64; AppX)",
    "ms_played": 3232,
    "conn_country": "NO",
    "ip_addr_decrypted": "84.215.54.228",
    "user_agent_decrypted": "unknown",
    "master_metadata_track_name": null,
    "master_metadata_album_artist_name": null,
    "master_metadata_album_album_name": null,
    "spotify_track_uri": null,
    "episode_name": "Rich Brian",
    "episode_show_name": "2021 Wrapped",
    "spotify_episode_uri": "spotify:episode:30HUT3U8ViYwtiEg6cH6lj",
    "reason_start": "trackdone",
    "reason_end": "endplay",
    "shuffle": false,
    "skipped": null,
    "offline": null,
    "offline_timestamp": null,
    "incognito_mode": false
  },
  {
    "ts": "2021-12-04T15:51:24Z",
    "username": "qpt236b07dt54upa5oea4q5cr",
    "platform": "Android OS 11 API 30 (samsung, SM-G998B)",
    "ms_played": 149,
    "conn_country": "NO",
    "ip_addr_decrypted": "84.215.54.228",
    "user_agent_decrypted": "unknown",
    "master_metadata_track_name": null,
    "master_metadata_album_artist_name": null,
    "master_metadata_album_album_name": null,
    "spotify_track_uri": null,
    "episode_name": "Coldplay",
    "episode_show_name": "2021 Wrapped",
    "spotify_episode_uri": "spotify:episode:2TLr4MOu98oOV0amb3rbcD",
    "reason_start": "fwdbtn",
    "reason_end": "endplay",
    "shuffle": true,
    "skipped": null,
    "offline": null,
    "offline_timestamp": null,
    "incognito_mode": false
  },
  {
    "ts": "2021-12-14T10:24:54Z",
    "username": "qpt236b07dt54upa5oea4q5cr",
    "platform": "Android OS 11 API 30 (samsung, SM-G998B)",
    "ms_played": 48,
    "conn_country": "NO",
    "ip_addr_decrypted": "84.215.54.228",
    "user_agent_decrypted": "unknown",
    "master_metadata_track_name": null,
    "master_metadata_album_artist_name": null,
    "master_metadata_album_album_name": null,
    "spotify_track_uri": null,
    "episode_name": "Rich Brian",
    "episode_show_name": "2021 Wrapped",
    "spotify_episode_uri": "spotify:episode:30HUT3U8ViYwtiEg6cH6lj",
    "reason_start": "fwdbtn",
    "reason_end": "endplay",
    "shuffle": true,
    "skipped": null,
    "offline": null,
    "offline_timestamp": null,
    "incognito_mode": false
  },
  {
    "ts": "2023-11-29T14:14:58Z",
    "username": "qpt236b07dt54upa5oea4q5cr",
    "platform": "android",
    "ms_played": 666,
    "conn_country": "NO",
    "ip_addr_decrypted": "45.14.193.106",
    "user_agent_decrypted": "unknown",
    "master_metadata_track_name": null,
    "master_metadata_album_artist_name": null,
    "master_metadata_album_album_name": null,
    "spotify_track_uri": null,
    "episode_name": null,
    "episode_show_name": null,
    "spotify_episode_uri": null,
    "reason_start": "unknown",
    "reason_end": "endplay",
    "shuffle": false,
    "skipped": true,
    "offline": null,
    "offline_timestamp": 0,
    "incognito_mode": false
  },
  {
    "ts": "2023-11-29T14:14:59Z",
    "username": "qpt236b07dt54upa5oea4q5cr",
    "platform": "android",
    "ms_played": 1003,
    "conn_country": "NO",
    "ip_addr_decrypted": "45.14.193.106",
    "user_agent_decrypted": "unknown",
    "master_metadata_track_name": "Thick Skull",
    "master_metadata_album_artist_name": "Paramore",
    "master_metadata_album_album_name": "This Is Why",
    "spotify_track_uri": "spotify:track:0M2SX26YicKMOAxqtWGPUh",
    "episode_name": null,
    "episode_show_name": null,
    "spotify_episode_uri": null,
    "reason_start": "unknown",
    "reason_end": "endplay",
    "shuffle": false,
    "skipped": true,
    "offline": null,
    "offline_timestamp": 0,
    "incognito_mode": false
  },
  {
    "ts": "2023-11-29T14:15:09Z",
    "username": "qpt236b07dt54upa5oea4q5cr",
    "platform": "android",
    "ms_played": 10512,
    "conn_country": "NO",
    "ip_addr_decrypted": "45.14.193.106",
    "user_agent_decrypted": "unknown",
    "master_metadata_track_name": null,
    "master_metadata_album_artist_name": null,
    "master_metadata_album_album_name": null,
    "spotify_track_uri": null,
    "episode_name": null,
    "episode_show_name": null,
    "spotify_episode_uri": null,
    "reason_start": "unknown",
    "reason_end": "endplay",
    "shuffle": false,
    "skipped": true,
    "offline": null,
    "offline_timestamp": 0,
    "incognito_mode": false
  },
  {
    "ts": "2023-11-29T14:15:14Z",
    "username": "qpt236b07dt54upa5oea4q5cr",
    "platform": "android",
    "ms_played": 4231,
    "conn_country": "NO",
    "ip_addr_decrypted": "45.14.193.106",
    "user_agent_decrypted": "unknown",
    "master_metadata_track_name": "The Pot",
    "master_metadata_album_artist_name": "TOOL",
    "master_metadata_album_album_name": "10,000 Days",
    "spotify_track_uri": "spotify:track:1lATXTBJDHwawvT1UfxWu3",
    "episode_name": null,
    "episode_show_name": null,
    "spotify_episode_uri": null,
    "reason_start": "unknown",
    "reason_end": "endplay",
    "shuffle": false,
    "skipped": true,
    "offline": null,
    "offline_timestamp": 0,
    "incognito_mode": false
  },
  {
    "ts": "2023-11-29T14:15:24Z",
    "username": "qpt236b07dt54upa5oea4q5cr",
    "platform": "android",
    "ms_played": 9843,
    "conn_country": "NO",
    "ip_addr_decrypted": "45.14.193.106",
    "user_agent_decrypted": "unknown",
    "master_metadata_track_name": null,
    "master_metadata_album_artist_name": null,
    "master_metadata_album_album_name": null,
    "spotify_track_uri": null,
    "episode_name": null,
    "episode_show_name": null,
    "spotify_episode_uri": null,
    "reason_start": "unknown",
    "reason_end": "trackdone",
    "shuffle": false,
    "skipped": false,
    "offline": null,
    "offline_timestamp": 0,
    "incognito_mode": false
  },
  {
    "ts": "2023-11-29T14:15:24Z",
    "username": "qpt236b07dt54upa5oea4q5cr",
    "platform": "android",
    "ms_played": 173,
    "conn_country": "NO",
    "ip_addr_decrypted": "45.14.193.106",
    "user_agent_decrypted": "unknown",
    "master_metadata_track_name": null,
    "master_metadata_album_artist_name": null,
    "master_metadata_album_album_name": null,
    "spotify_track_uri": null,
    "episode_name": null,
    "episode_show_name": null,
    "spotify_episode_uri": null,
    "reason_start": "unknown",
    "reason_end": "endplay",
    "shuffle": false,
    "skipped": true,
    "offline": null,
    "offline_timestamp": 0,
    "incognito_mode": false
  },
  {
    "ts": "2023-11-29T14:15:26Z",
    "username": "qpt236b07dt54upa5oea4q5cr",
    "platform": "android",
    "ms_played": 1095,
    "conn_country": "NO",
    "ip_addr_decrypted": "45.14.193.106",
    "user_agent_decrypted": "unknown",
    "master_metadata_track_name": "Napalm",
    "master_metadata_album_artist_name": "Sticky Fingers",
    "master_metadata_album_album_name": "LEKKERBOY",
    "spotify_track_uri": "spotify:track:1qfzWAd007YLxlPzbIgoUx",
    "episode_name": null,
    "episode_show_name": null,
    "spotify_episode_uri": null,
    "reason_start": "unknown",
    "reason_end": "endplay",
    "shuffle": false,
    "skipped": true,
    "offline": null,
    "offline_timestamp": 0,
    "incognito_mode": false
  },
  {
    "ts": "2023-11-29T14:15:32Z",
    "username": "qpt236b07dt54upa5oea4q5cr",
    "platform": "android",
    "ms_played": 6457,
    "conn_country": "NO",
    "ip_addr_decrypted": "45.14.193.106",
    "user_agent_decrypted": "unknown",
    "master_metadata_track_name": null,
    "master_metadata_album_artist_name": null,
    "master_metadata_album_album_name": null,
    "spotify_track_uri": null,
    "episode_name": null,
    "episode_show_name": null,
    "spotify_episode_uri": null,
    "reason_start": "unknown",
    "reason_end": "endplay",
    "shuffle": false,
    "skipped": true,
    "offline": null,
    "offline_timestamp": 0,
    "incognito_mode": false
  },
  {
    "ts": "2023-11-29T14:15:33Z",
    "username": "qpt236b07dt54upa5oea4q5cr",
    "platform": "android",
    "ms_played": 815,
    "conn_country": "NO",
    "ip_addr_decrypted": "45.14.193.106",
    "user_agent_decrypted": "unknown",
    "master_metadata_track_name": "Points of Authority",
    "master_metadata_album_artist_name": "Linkin Park",
    "master_metadata_album_album_name": "Hybrid Theory",
    "spotify_track_uri": "spotify:track:5egqKwgK5r5rvGD1LrtR7J",
    "episode_name": null,
    "episode_show_name": null,
    "spotify_episode_uri": null,
    "reason_start": "unknown",
    "reason_end": "endplay",
    "shuffle": false,
    "skipped": true,
    "offline": null,
    "offline_timestamp": 0,
    "incognito_mode": false
  },
  {
    "ts": "2023-11-29T14:15:35Z",
    "username": "qpt236b07dt54upa5oea4q5cr",
    "platform": "android",
    "ms_played": 1297,
    "conn_country": "NO",
    "ip_addr_decrypted": "45.14.193.106",
    "user_agent_decrypted": "unknown",
    "master_metadata_track_name": null,
    "master_metadata_album_artist_name": null,
    "master_metadata_album_album_name": null,
    "spotify_track_uri": null,
    "episode_name": null,
    "episode_show_name": null,
    "spotify_episode_uri": null,
    "reason_start": "unknown",
    "reason_end": "endplay",
    "shuffle": false,
    "skipped": true,
    "offline": null,
    "offline_timestamp": 0,
    "incognito_mode": false
  },
  {
    "ts": "2023-11-29T14:15:41Z",
    "username": "qpt236b07dt54upa5oea4q5cr",
    "platform": "android",
    "ms_played": 5597,
    "conn_country": "NO",
    "ip_addr_decrypted": "45.14.193.106",
    "user_agent_decrypted": "unknown",
    "master_metadata_track_name": "Points of Authority",
    "master_metadata_album_artist_name": "Linkin Park",
    "master_metadata_album_album_name": "Hybrid Theory",
    "spotify_track_uri": "spotify:track:5egqKwgK5r5rvGD1LrtR7J",
    "episode_name": null,
    "episode_show_name": null,
    "spotify_episode_uri": null,
    "reason_start": "unknown",
    "reason_end": "endplay",
    "shuffle": false,
    "skipped": true,
    "offline": null,
    "offline_timestamp": 0,
    "incognito_mode": false
  },
  {
    "ts": "2023-11-29T14:15:53Z",
    "username": "qpt236b07dt54upa5oea4q5cr",
    "platform": "android",
    "ms_played": 12006,
    "conn_country": "NO",
    "ip_addr_decrypted": "45.14.193.106",
    "user_agent_decrypted": "unknown",
    "master_metadata_track_name": null,
    "master_metadata_album_artist_name": null,
    "master_metadata_album_album_name": null,
    "spotify_track_uri": null,
    "episode_name": null,
    "episode_show_name": null,
    "spotify_episode_uri": null,
    "reason_start": "unknown",
    "reason_end": "endplay",
    "shuffle": false,
    "skipped": true,
    "offline": null,
    "offline_timestamp": 0,
    "incognito_mode": false
  },
  {
    "ts": "2023-11-29T14:16:02Z",
    "username": "qpt236b07dt54upa5oea4q5cr",
    "platform": "android",
    "ms_played": 8911,
    "conn_country": "NO",
    "ip_addr_decrypted": "45.14.193.106",
    "user_agent_decrypted": "unknown",
    "master_metadata_track_name": "Never Fight A Man With A Perm",
    "master_metadata_album_artist_name": "IDLES",
    "master_metadata_album_album_name": "Joy as an Act of Resistance.",
    "spotify_track_uri": "spotify:track:4B4CQ84BBpHK5d02cWKUb0",
    "episode_name": null,
    "episode_show_name": null,
    "spotify_episode_uri": null,
    "reason_start": "unknown",
    "reason_end": "endplay",
    "shuffle": false,
    "skipped": true,
    "offline": null,
    "offline_timestamp": 0,
    "incognito_mode": false
  },
  {
    "ts": "2023-11-29T14:16:03Z",
    "username": "qpt236b07dt54upa5oea4q5cr",
    "platform": "android",
    "ms_played": 1330,
    "conn_country": "NO",
    "ip_addr_decrypted": "45.14.193.106",
    "user_agent_decrypted": "unknown",
    "master_metadata_track_name": null,
    "master_metadata_album_artist_name": null,
    "master_metadata_album_album_name": null,
    "spotify_track_uri": null,
    "episode_name": null,
    "episode_show_name": null,
    "spotify_episode_uri": null,
    "reason_start": "unknown",
    "reason_end": "endplay",
    "shuffle": false,
    "skipped": true,
    "offline": null,
    "offline_timestamp": 0,
    "incognito_mode": false
  },
  {
    "ts": "2023-11-29T14:16:05Z",
    "username": "qpt236b07dt54upa5oea4q5cr",
    "platform": "android",
    "ms_played": 982,
    "conn_country": "NO",
    "ip_addr_decrypted": "45.14.193.106",
    "user_agent_decrypted": "unknown",
    "master_metadata_track_name": "Sugar Wraith",
    "master_metadata_album_artist_name": "Post Malone",
    "master_metadata_album_album_name": "beerbongs & bentleys",
    "spotify_track_uri": "spotify:track:0MrRAUcB8AZiB9ue2VOBYe",
    "episode_name": null,
    "episode_show_name": null,
    "spotify_episode_uri": null,
    "reason_start": "unknown",
    "reason_end": "endplay",
    "shuffle": false,
    "skipped": true,
    "offline": null,
    "offline_timestamp": 0,
    "incognito_mode": false
  },
  {
    "ts": "2023-11-29T14:16:11Z",
    "username": "qpt236b07dt54upa5oea4q5cr",
    "platform": "android",
    "ms_played": 6404,
    "conn_country": "NO",
    "ip_addr_decrypted": "45.14.193.106",
    "user_agent_decrypted": "unknown",
    "master_metadata_track_name": null,
    "master_metadata_album_artist_name": null,
    "master_metadata_album_album_name": null,
    "spotify_track_uri": null,
    "episode_name": null,
    "episode_show_name": null,
    "spotify_episode_uri": null,
    "reason_start": "unknown",
    "reason_end": "endplay",
    "shuffle": false,
    "skipped": true,
    "offline": null,
    "offline_timestamp": 0,
    "incognito_mode": false
  },
  {
    "ts": "2023-11-29T14:16:15Z",
    "username": "qpt236b07dt54upa5oea4q5cr",
    "platform": "android",
    "ms_played": 3639,
    "conn_country": "NO",
    "ip_addr_decrypted": "45.14.193.106",
    "user_agent_decrypted": "unknown",
    "master_metadata_track_name": "Stardust Chords",
    "master_metadata_album_artist_name": "Greta Van Fleet",
    "master_metadata_album_album_name": "The Battle at Garden’s Gate",
    "spotify_track_uri": "spotify:track:07p7PALHp6ZcD5tmlbO94N",
    "episode_name": null,
    "episode_show_name": null,
    "spotify_episode_uri": null,
    "reason_start": "unknown",
    "reason_end": "endplay",
    "shuffle": false,
    "skipped": true,
    "offline": null,
    "offline_timestamp": 0,
    "incognito_mode": false
  },
  {
    "ts": "2023-12-23T13:12:57Z",
    "username": "qpt236b07dt54upa5oea4q5cr",
    "platform": "android",
    "ms_played": 396,
    "conn_country": "NO",
    "ip_addr_decrypted": "45.85.248.3",
    "user_agent_decrypted": "unknown",
    "master_metadata_track_name": null,
    "master_metadata_album_artist_name": null,
    "master_metadata_album_album_name": null,
    "spotify_track_uri": null,
    "episode_name": null,
    "episode_show_name": null,
    "spotify_episode_uri": null,
    "reason_start": "unknown",
    "reason_end": "endplay",
    "shuffle": false,
    "skipped": true,
    "offline": null,
    "offline_timestamp": 0,
    "incognito_mode": false
  },
  {
    "ts": "2023-12-23T13:12:58Z",
    "username": "qpt236b07dt54upa5oea4q5cr",
    "platform": "android",
    "ms_played": 672,
    "conn_country": "NO",
    "ip_addr_decrypted": "45.85.248.3",
    "user_agent_decrypted": "unknown",
    "master_metadata_track_name": "Thick Skull",
    "master_metadata_album_artist_name": "Paramore",
    "master_metadata_album_album_name": "This Is Why",
    "spotify_track_uri": "spotify:track:0M2SX26YicKMOAxqtWGPUh",
    "episode_name": null,
    "episode_show_name": null,
    "spotify_episode_uri": null,
    "reason_start": "unknown",
    "reason_end": "endplay",
    "shuffle": false,
    "skipped": true,
    "offline": null,
    "offline_timestamp": 0,
    "incognito_mode": false
  },
  {
    "ts": "2023-12-23T13:12:59Z",
    "username": "qpt236b07dt54upa5oea4q5cr",
    "platform": "android",
    "ms_played": 609,
    "conn_country": "NO",
    "ip_addr_decrypted": "45.85.248.3",
    "user_agent_decrypted": "unknown",
    "master_metadata_track_name": null,
    "master_metadata_album_artist_name": null,
    "master_metadata_album_album_name": null,
    "spotify_track_uri": null,
    "episode_name": null,
    "episode_show_name": null,
    "spotify_episode_uri": null,
    "reason_start": "unknown",
    "reason_end": "endplay",
    "shuffle": false,
    "skipped": true,
    "offline": null,
    "offline_timestamp": 0,
    "incognito_mode": false
  },
  {
    "ts": "2023-12-23T13:13:00Z",
    "username": "qpt236b07dt54upa5oea4q5cr",
    "platform": "android",
    "ms_played": 632,
    "conn_country": "NO",
    "ip_addr_decrypted": "45.85.248.3",
    "user_agent_decrypted": "unknown",
    "master_metadata_track_name": "The Pot",
    "master_metadata_album_artist_name": "TOOL",
    "master_metadata_album_album_name": "10,000 Days",
    "spotify_track_uri": "spotify:track:1lATXTBJDHwawvT1UfxWu3",
    "episode_name": null,
    "episode_show_name": null,
    "spotify_episode_uri": null,
    "reason_start": "unknown",
    "reason_end": "endplay",
    "shuffle": false,
    "skipped": true,
    "offline": null,
    "offline_timestamp": 0,
    "incognito_mode": false
  },
  {
    "ts": "2023-12-23T13:13:01Z",
    "username": "qpt236b07dt54upa5oea4q5cr",
    "platform": "android",
    "ms_played": 895,
    "conn_country": "NO",
    "ip_addr_decrypted": "45.85.248.3",
    "user_agent_decrypted": "unknown",
    "master_metadata_track_name": null,
    "master_metadata_album_artist_name": null,
    "master_metadata_album_album_name": null,
    "spotify_track_uri": null,
    "episode_name": null,
    "episode_show_name": null,
    "spotify_episode_uri": null,
    "reason_start": "unknown",
    "reason_end": "endplay",
    "shuffle": false,
    "skipped": true,
    "offline": null,
    "offline_timestamp": 0,
    "incognito_mode": false
  },
  {
    "ts": "2023-12-23T13:13:01Z",
    "username": "qpt236b07dt54upa5oea4q5cr",
    "platform": "android",
    "ms_played": 434,
    "conn_country": "NO",
    "ip_addr_decrypted": "45.85.248.3",
    "user_agent_decrypted": "unknown",
    "master_metadata_track_name": "Napalm",
    "master_metadata_album_artist_name": "Sticky Fingers",
    "master_metadata_album_album_name": "LEKKERBOY",
    "spotify_track_uri": "spotify:track:1qfzWAd007YLxlPzbIgoUx",
    "episode_name": null,
    "episode_show_name": null,
    "spotify_episode_uri": null,
    "reason_start": "unknown",
    "reason_end": "endplay",
    "shuffle": false,
    "skipped": true,
    "offline": null,
    "offline_timestamp": 0,
    "incognito_mode": false
  },
  {
    "ts": "2023-12-23T13:13:02Z",
    "username": "qpt236b07dt54upa5oea4q5cr",
    "platform": "android",
    "ms_played": 948,
    "conn_country": "NO",
    "ip_addr_decrypted": "45.85.248.3",
    "user_agent_decrypted": "unknown",
    "master_metadata_track_name": null,
    "master_metadata_album_artist_name": null,
    "master_metadata_album_album_name": null,
    "spotify_track_uri": null,
    "episode_name": null,
    "episode_show_name": null,
    "spotify_episode_uri": null,
    "reason_start": "unknown",
    "reason_end": "endplay",
    "shuffle": false,
    "skipped": true,
    "offline": null,
    "offline_timestamp": 0,
    "incognito_mode": false
  },
  {
    "ts": "2023-12-23T13:13:03Z",
    "username": "qpt236b07dt54upa5oea4q5cr",
    "platform": "android",
    "ms_played": 414,
    "conn_country": "NO",
    "ip_addr_decrypted": "45.85.248.3",
    "user_agent_decrypted": "unknown",
    "master_metadata_track_name": "Points of Authority",
    "master_metadata_album_artist_name": "Linkin Park",
    "master_metadata_album_album_name": "Hybrid Theory",
    "spotify_track_uri": "spotify:track:5egqKwgK5r5rvGD1LrtR7J",
    "episode_name": null,
    "episode_show_name": null,
    "spotify_episode_uri": null,
    "reason_start": "unknown",
    "reason_end": "endplay",
    "shuffle": false,
    "skipped": true,
    "offline": null,
    "offline_timestamp": 0,
    "incognito_mode": false
  },
  {
    "ts": "2023-12-23T13:13:04Z",
    "username": "qpt236b07dt54upa5oea4q5cr",
    "platform": "android",
    "ms_played": 251,
    "conn_country": "NO",
    "ip_addr_decrypted": "45.85.248.3",
    "user_agent_decrypted": "unknown",
    "master_metadata_track_name": "Never Fight A Man With A Perm",
    "master_metadata_album_artist_name": "IDLES",
    "master_metadata_album_album_name": "Joy as an Act of Resistance.",
    "spotify_track_uri": "spotify:track:4B4CQ84BBpHK5d02cWKUb0",
    "episode_name": null,
    "episode_show_name": null,
    "spotify_episode_uri": null,
    "reason_start": "unknown",
    "reason_end": "endplay",
    "shuffle": false,
    "skipped": true,
    "offline": null,
    "offline_timestamp": 0,
    "incognito_mode": false
  },
  {
    "ts": "2023-12-23T13:13:04Z",
    "username": "qpt236b07dt54upa5oea4q5cr",
    "platform": "android",
    "ms_played": 621,
    "conn_country": "NO",
    "ip_addr_decrypted": "45.85.248.3",
    "user_agent_decrypted": "unknown",
    "master_metadata_track_name": null,
    "master_metadata_album_artist_name": null,
    "master_metadata_album_album_name": null,
    "spotify_track_uri": null,
    "episode_name": null,
    "episode_show_name": null,
    "spotify_episode_uri": null,
    "reason_start": "unknown",
    "reason_end": "endplay",
    "shuffle": false,
    "skipped": true,
    "offline": null,
    "offline_timestamp": 0,
    "incognito_mode": false
  },
  {
    "ts": "2023-12-23T13:13:05Z",
    "username": "qpt236b07dt54upa5oea4q5cr",
    "platform": "android",
    "ms_played": 534,
    "conn_country": "NO",
    "ip_addr_decrypted": "45.85.248.3",
    "user_agent_decrypted": "unknown",
    "master_metadata_track_name": null,
    "master_metadata_album_artist_name": null,
    "master_metadata_album_album_name": null,
    "spotify_track_uri": null,
    "episode_name": null,
    "episode_show_name": null,
    "spotify_episode_uri": null,
    "reason_start": "unknown",
    "reason_end": "endplay",
    "shuffle": false,
    "skipped": true,
    "offline": null,
    "offline_timestamp": 0,
    "incognito_mode": false
  },
  {
    "ts": "2023-12-23T13:13:06Z",
    "username": "qpt236b07dt54upa5oea4q5cr",
    "platform": "android",
    "ms_played": 480,
    "conn_country": "NO",
    "ip_addr_decrypted": "45.85.248.3",
    "user_agent_decrypted": "unknown",
    "master_metadata_track_name": "Sugar Wraith",
    "master_metadata_album_artist_name": "Post Malone",
    "master_metadata_album_album_name": "beerbongs & bentleys",
    "spotify_track_uri": "spotify:track:0MrRAUcB8AZiB9ue2VOBYe",
    "episode_name": null,
    "episode_show_name": null,
    "spotify_episode_uri": null,
    "reason_start": "unknown",
    "reason_end": "endplay",
    "shuffle": false,
    "skipped": true,
    "offline": null,
    "offline_timestamp": 0,
    "incognito_mode": false
  },
  {
    "ts": "2023-12-23T13:13:07Z",
    "username": "qpt236b07dt54upa5oea4q5cr",
    "platform": "android",
    "ms_played": 526,
    "conn_country": "NO",
    "ip_addr_decrypted": "45.85.248.3",
    "user_agent_decrypted": "unknown",
    "master_metadata_track_name": "Stardust Chords",
    "master_metadata_album_artist_name": "Greta Van Fleet",
    "master_metadata_album_album_name": "The Battle at Garden’s Gate",
    "spotify_track_uri": "spotify:track:07p7PALHp6ZcD5tmlbO94N",
    "episode_name": null,
    "episode_show_name": null,
    "spotify_episode_uri": null,
    "reason_start": "unknown",
    "reason_end": "endplay",
    "shuffle": false,
    "skipped": true,
    "offline": null,
    "offline_timestamp": 0,
    "incognito_mode": false
  },
  {
    "ts": "2023-12-23T13:13:07Z",
    "username": "qpt236b07dt54upa5oea4q5cr",
    "platform": "android",
    "ms_played": 803,
    "conn_country": "NO",
    "ip_addr_decrypted": "45.85.248.3",
    "user_agent_decrypted": "unknown",
    "master_metadata_track_name": null,
    "master_metadata_album_artist_name": null,
    "master_metadata_album_album_name": null,
    "spotify_track_uri": null,
    "episode_name": null,
    "episode_show_name": null,
    "spotify_episode_uri": null,
    "reason_start": "unknown",
    "reason_end": "endplay",
    "shuffle": false,
    "skipped": true,
    "offline": null,
    "offline_timestamp": 0,
    "incognito_mode": false
  },
  {
    "ts": "2023-12-23T19:51:59Z",
    "username": "qpt236b07dt54upa5oea4q5cr",
    "platform": "android",
    "ms_played": 2987,
    "conn_country": "NO",
    "ip_addr_decrypted": "45.14.192.44",
    "user_agent_decrypted": "unknown",
    "master_metadata_track_name": "YYZ",
    "master_metadata_album_artist_name": "Rush",
    "master_metadata_album_album_name": "Moving Pictures",
    "spotify_track_uri": "spotify:track:3lpDrxUkr0tIe1kmJvdK7d",
    "episode_name": null,
    "episode_show_name": null,
    "spotify_episode_uri": null,
    "reason_start": "unknown",
    "reason_end": "endplay",
    "shuffle": false,
    "skipped": true,
    "offline": null,
    "offline_timestamp": 0,
    "incognito_mode": false
  },
  {
    "ts": "2023-12-23T19:52:00Z",
    "username": "qpt236b07dt54upa5oea4q5cr",
    "platform": "android",
    "ms_played": 1307,
    "conn_country": "NO",
    "ip_addr_decrypted": "45.14.192.44",
    "user_agent_decrypted": "unknown",
    "master_metadata_track_name": "When You Were Young",
    "master_metadata_album_artist_name": "The Killers",
    "master_metadata_album_album_name": "Sam's Town",
    "spotify_track_uri": "spotify:track:70wYA8oYHoMzhRRkARoMhU",
    "episode_name": null,
    "episode_show_name": null,
    "spotify_episode_uri": null,
    "reason_start": "unknown",
    "reason_end": "endplay",
    "shuffle": false,
    "skipped": true,
    "offline": null,
    "offline_timestamp": 0,
    "incognito_mode": false
  },
  {
    "ts": "2023-12-23T19:52:01Z",
    "username": "qpt236b07dt54upa5oea4q5cr",
    "platform": "android",
    "ms_played": 1086,
    "conn_country": "NO",
    "ip_addr_decrypted": "45.14.192.44",
    "user_agent_decrypted": "unknown",
    "master_metadata_track_name": "Suck My Kiss",
    "master_metadata_album_artist_name": "Red Hot Chili Peppers",
    "master_metadata_album_album_name": "Blood Sugar Sex Magik",
    "spotify_track_uri": "spotify:track:0psB5QzGb4653K0uaPgEyh",
    "episode_name": null,
    "episode_show_name": null,
    "spotify_episode_uri": null,
    "reason_start": "unknown",
    "reason_end": "endplay",
    "shuffle": false,
    "skipped": true,
    "offline": null,
    "offline_timestamp": 0,
    "incognito_mode": false
  },
  {
    "ts": "2023-12-23T19:52:02Z",
    "username": "qpt236b07dt54upa5oea4q5cr",
    "platform": "android",
    "ms_played": 841,
    "conn_country": "NO",
    "ip_addr_decrypted": "45.14.192.44",
    "user_agent_decrypted": "unknown",
    "master_metadata_track_name": "Make It Wit Chu",
    "master_metadata_album_artist_name": "Queens of the Stone Age",
    "master_metadata_album_album_name": "Era Vulgaris",
    "spotify_track_uri": "spotify:track:6GyDY0yE47rfk8pcuKhioh",
    "episode_name": null,
    "episode_show_name": null,
    "spotify_episode_uri": null,
    "reason_start": "unknown",
    "reason_end": "endplay",
    "shuffle": false,
    "skipped": true,
    "offline": null,
    "offline_timestamp": 0,
    "incognito_mode": false
  },
  {
    "ts": "2023-12-23T19:52:08Z",
    "username": "qpt236b07dt54upa5oea4q5cr",
    "platform": "android",
    "ms_played": 5378,
    "conn_country": "NO",
    "ip_addr_decrypted": "45.14.192.44",
    "user_agent_decrypted": "unknown",
    "master_metadata_track_name": "Song 2 - 2012 Remaster",
    "master_metadata_album_artist_name": "Blur",
    "master_metadata_album_album_name": "Blur",
    "spotify_track_uri": "spotify:track:1FTSo4v6BOZH9QxKc3MbVM",
    "episode_name": null,
    "episode_show_name": null,
    "spotify_episode_uri": null,
    "reason_start": "unknown",
    "reason_end": "endplay",
    "shuffle": false,
    "skipped": true,
    "offline": null,
    "offline_timestamp": 0,
    "incognito_mode": false
  },
  {
    "ts": "2023-12-23T19:52:10Z",
    "username": "qpt236b07dt54upa5oea4q5cr",
    "platform": "android",
    "ms_played": 1476,
    "conn_country": "NO",
    "ip_addr_decrypted": "45.14.192.44",
    "user_agent_decrypted": "unknown",
    "master_metadata_track_name": "Crazy Train",
    "master_metadata_album_artist_name": "Ozzy Osbourne",
    "master_metadata_album_album_name": "Blizzard Of Ozz",
    "spotify_track_uri": "spotify:track:7ACxUo21jtTHzy7ZEV56vU",
    "episode_name": null,
    "episode_show_name": null,
    "spotify_episode_uri": null,
    "reason_start": "unknown",
    "reason_end": "endplay",
    "shuffle": false,
    "skipped": true,
    "offline": null,
    "offline_timestamp": 0,
    "incognito_mode": false
  },
  {
    "ts": "2024-02-25T09:57:42Z",
    "username": "qpt236b07dt54upa5oea4q5cr",
    "platform": "android",
    "ms_played": 13503,
    "conn_country": "NO",
    "ip_addr_decrypted": "45.85.248.22",
    "user_agent_decrypted": "unknown",
    "master_metadata_track_name": "My Own Summer (Shove It)",
    "master_metadata_album_artist_name": "Deftones",
    "master_metadata_album_album_name": "Around the Fur",
    "spotify_track_uri": "spotify:track:1158ckiB5S4cpsdYHDB9IF",
    "episode_name": null,
    "episode_show_name": null,
    "spotify_episode_uri": null,
    "reason_start": "unknown",
    "reason_end": "endplay",
    "shuffle": false,
    "skipped": true,
    "offline": null,
    "offline_timestamp": 0,
    "incognito_mode": false
  },
  {
    "ts": "2024-02-25T09:57:46Z",
    "username": "qpt236b07dt54upa5oea4q5cr",
    "platform": "android",
    "ms_played": 3220,
    "conn_country": "NO",
    "ip_addr_decrypted": "45.85.248.22",
    "user_agent_decrypted": "unknown",
    "master_metadata_track_name": "Cigarettes out the Window",
    "master_metadata_album_artist_name": "TV Girl",
    "master_metadata_album_album_name": "Who Really Cares",
    "spotify_track_uri": "spotify:track:6QeYSvYqYUsfBzsApbjDHO",
    "episode_name": null,
    "episode_show_name": null,
    "spotify_episode_uri": null,
    "reason_start": "unknown",
    "reason_end": "endplay",
    "shuffle": false,
    "skipped": true,
    "offline": null,
    "offline_timestamp": 0,
    "incognito_mode": false
  },
  {
    "ts": "2024-02-25T09:57:47Z",
    "username": "qpt236b07dt54upa5oea4q5cr",
    "platform": "android",
    "ms_played": 1142,
    "conn_country": "NO",
    "ip_addr_decrypted": "45.85.248.22",
    "user_agent_decrypted": "unknown",
    "master_metadata_track_name": "Buddy Holly",
    "master_metadata_album_artist_name": "Weezer",
    "master_metadata_album_album_name": "Weezer",
    "spotify_track_uri": "spotify:track:3mwvKOyMmG77zZRunnxp9E",
    "episode_name": null,
    "episode_show_name": null,
    "spotify_episode_uri": null,
    "reason_start": "unknown",
    "reason_end": "endplay",
    "shuffle": false,
    "skipped": true,
    "offline": null,
    "offline_timestamp": 0,
    "incognito_mode": false
  },
  {
    "ts": "2024-02-25T09:57:55Z",
    "username": "qpt236b07dt54upa5oea4q5cr",
    "platform": "android",
    "ms_played": 7357,
    "conn_country": "NO",
    "ip_addr_decrypted": "45.85.248.22",
    "user_agent_decrypted": "unknown",
    "master_metadata_track_name": "Caraphernelia",
    "master_metadata_album_artist_name": "Pierce The Veil",
    "master_metadata_album_album_name": "Selfish Machines",
    "spotify_track_uri": "spotify:track:2G8PweZBBwTpyP8vpNQJK2",
    "episode_name": null,
    "episode_show_name": null,
    "spotify_episode_uri": null,
    "reason_start": "unknown",
    "reason_end": "endplay",
    "shuffle": false,
    "skipped": true,
    "offline": null,
    "offline_timestamp": 0,
    "incognito_mode": false
  },
  {
    "ts": "2024-02-25T09:57:58Z",
    "username": "qpt236b07dt54upa5oea4q5cr",
    "platform": "android",
    "ms_played": 2429,
    "conn_country": "NO",
    "ip_addr_decrypted": "45.85.248.22",
    "user_agent_decrypted": "unknown",
    "master_metadata_track_name": "In On It",
    "master_metadata_album_artist_name": "Superheaven",
    "master_metadata_album_album_name": "Jar",
    "spotify_track_uri": "spotify:track:0ey0KwCzoUdjvPzbLX8qSa",
    "episode_name": null,
    "episode_show_name": null,
    "spotify_episode_uri": null,
    "reason_start": "unknown",
    "reason_end": "endplay",
    "shuffle": false,
    "skipped": true,
    "offline": null,
    "offline_timestamp": 0,
    "incognito_mode": false
  },
  {
    "ts": "2024-02-25T09:58:00Z",
    "username": "qpt236b07dt54upa5oea4q5cr",
    "platform": "android",
    "ms_played": 1984,
    "conn_country": "NO",
    "ip_addr_decrypted": "45.85.248.22",
    "user_agent_decrypted": "unknown",
    "master_metadata_track_name": "Awake",
    "master_metadata_album_artist_name": "Godsmack",
    "master_metadata_album_album_name": "Awake",
    "spotify_track_uri": "spotify:track:6xXlurslWqFuyqTCBlErzX",
    "episode_name": null,
    "episode_show_name": null,
    "spotify_episode_uri": null,
    "reason_start": "unknown",
    "reason_end": "endplay",
    "shuffle": false,
    "skipped": true,
    "offline": null,
    "offline_timestamp": 0,
    "incognito_mode": false
  },
  {
    "ts": "2024-02-25T09:58:12Z",
    "username": "qpt236b07dt54upa5oea4q5cr",
    "platform": "android",
    "ms_played": 12084,
    "conn_country": "NO",
    "ip_addr_decrypted": "45.85.248.22",
    "user_agent_decrypted": "unknown",
    "master_metadata_track_name": "I Am Loco",
    "master_metadata_album_artist_name": "Ill Niño",
    "master_metadata_album_album_name": "Revolution Revolucion",
    "spotify_track_uri": "spotify:track:3jmelhU4kuytaLPLeiAerH",
    "episode_name": null,
    "episode_show_name": null,
    "spotify_episode_uri": null,
    "reason_start": "unknown",
    "reason_end": "endplay",
    "shuffle": false,
    "skipped": true,
    "offline": null,
    "offline_timestamp": 0,
    "incognito_mode": false
  },
  {
    "ts": "2024-02-25T09:58:16Z",
    "username": "qpt236b07dt54upa5oea4q5cr",
    "platform": "android",
    "ms_played": 3606,
    "conn_country": "NO",
    "ip_addr_decrypted": "45.85.248.22",
    "user_agent_decrypted": "unknown",
    "master_metadata_track_name": "Memento Mori",
    "master_metadata_album_artist_name": "Lamb of God",
    "master_metadata_album_album_name": "Lamb of God",
    "spotify_track_uri": "spotify:track:5I29F9GR0OkaU1nuxp9hU8",
    "episode_name": null,
    "episode_show_name": null,
    "spotify_episode_uri": null,
    "reason_start": "unknown",
    "reason_end": "endplay",
    "shuffle": false,
    "skipped": true,
    "offline": null,
    "offline_timestamp": 0,
    "incognito_mode": false
  },
  {
    "ts": "2024-02-25T09:58:19Z",
    "username": "qpt236b07dt54upa5oea4q5cr",
    "platform": "android",
    "ms_played": 2801,
    "conn_country": "NO",
    "ip_addr_decrypted": "45.85.248.22",
    "user_agent_decrypted": "unknown",
    "master_metadata_track_name": "Peace Sells - 2004 Remaster",
    "master_metadata_album_artist_name": "Megadeth",
    "master_metadata_album_album_name": "Peace Sells...But Who's Buying?",
    "spotify_track_uri": "spotify:track:3090goAxG6IlpCifA8m9xB",
    "episode_name": null,
    "episode_show_name": null,
    "spotify_episode_uri": null,
    "reason_start": "unknown",
    "reason_end": "endplay",
    "shuffle": false,
    "skipped": true,
    "offline": null,
    "offline_timestamp": 0,
    "incognito_mode": false
  },
  {
    "ts": "2024-02-25T09:58:24Z",
    "username": "qpt236b07dt54upa5oea4q5cr",
    "platform": "android",
    "ms_played": 4579,
    "conn_country": "NO",
    "ip_addr_decrypted": "45.85.248.22",
    "user_agent_decrypted": "unknown",
    "master_metadata_track_name": "Check My Brain",
    "master_metadata_album_artist_name": "Alice In Chains",
    "master_metadata_album_album_name": "Black Gives Way to Blue",
    "spotify_track_uri": "spotify:track:0Fl8ciGpmcUezzgaSKvysd",
    "episode_name": null,
    "episode_show_name": null,
    "spotify_episode_uri": null,
    "reason_start": "unknown",
    "reason_end": "endplay",
    "shuffle": false,
    "skipped": true,
    "offline": null,
    "offline_timestamp": 0,
    "incognito_mode": false
  },
  {
    "ts": "2024-02-25T09:58:34Z",
    "username": "qpt236b07dt54upa5oea4q5cr",
    "platform": "android",
    "ms_played": 8974,
    "conn_country": "NO",
    "ip_addr_decrypted": "45.85.248.22",
    "user_agent_decrypted": "unknown",
    "master_metadata_track_name": "L'enfant sauvage",
    "master_metadata_album_artist_name": "Gojira",
    "master_metadata_album_album_name": "L'Enfant Sauvage",
    "spotify_track_uri": "spotify:track:4PWxt9Fy949kUtkEi2GI5V",
    "episode_name": null,
    "episode_show_name": null,
    "spotify_episode_uri": null,
    "reason_start": "unknown",
    "reason_end": "endplay",
    "shuffle": false,
    "skipped": true,
    "offline": null,
    "offline_timestamp": 0,
    "incognito_mode": false
  },
  {
    "ts": "2024-02-25T09:58:50Z",
    "username": "qpt236b07dt54upa5oea4q5cr",
    "platform": "android",
    "ms_played": 12453,
    "conn_country": "NO",
    "ip_addr_decrypted": "45.85.248.22",
    "user_agent_decrypted": "unknown",
    "master_metadata_track_name": "Be Quiet and Drive (Far Away)",
    "master_metadata_album_artist_name": "Deftones",
    "master_metadata_album_album_name": "Around the Fur",
    "spotify_track_uri": "spotify:track:4Uiw0Sl9yskBaC6P4DcdVD",
    "episode_name": null,
    "episode_show_name": null,
    "spotify_episode_uri": null,
    "reason_start": "unknown",
    "reason_end": "endplay",
    "shuffle": false,
    "skipped": true,
    "offline": null,
    "offline_timestamp": 0,
    "incognito_mode": false
  },
  {
    "ts": "2024-02-25T09:58:52Z",
    "username": "qpt236b07dt54upa5oea4q5cr",
    "platform": "android",
    "ms_played": 1440,
    "conn_country": "NO",
    "ip_addr_decrypted": "45.85.248.22",
    "user_agent_decrypted": "unknown",
    "master_metadata_track_name": "It Almost Worked",
    "master_metadata_album_artist_name": "TV Girl",
    "master_metadata_album_album_name": "The Night in Question: French Exit Outtakes",
    "spotify_track_uri": "spotify:track:4NUhcsz9E1LrBe8nXLZqzp",
    "episode_name": null,
    "episode_show_name": null,
    "spotify_episode_uri": null,
    "reason_start": "unknown",
    "reason_end": "endplay",
    "shuffle": false,
    "skipped": true,
    "offline": null,
    "offline_timestamp": 0,
    "incognito_mode": false
  },
  {
    "ts": "2024-02-25T09:58:56Z",
    "username": "qpt236b07dt54upa5oea4q5cr",
    "platform": "android",
    "ms_played": 3244,
    "conn_country": "NO",
    "ip_addr_decrypted": "45.85.248.22",
    "user_agent_decrypted": "unknown",
    "master_metadata_track_name": "Wish You Were Here",
    "master_metadata_album_artist_name": "Incubus",
    "master_metadata_album_album_name": "Morning View",
    "spotify_track_uri": "spotify:track:6KtLECDztnah63TNmV4Plw",
    "episode_name": null,
    "episode_show_name": null,
    "spotify_episode_uri": null,
    "reason_start": "unknown",
    "reason_end": "endplay",
    "shuffle": false,
    "skipped": true,
    "offline": null,
    "offline_timestamp": 0,
    "incognito_mode": false
  },
  {
    "ts": "2024-02-25T09:59:01Z",
    "username": "qpt236b07dt54upa5oea4q5cr",
    "platform": "android",
    "ms_played": 5043,
    "conn_country": "NO",
    "ip_addr_decrypted": "45.85.248.22",
    "user_agent_decrypted": "unknown",
    "master_metadata_track_name": "Beautiful Disaster",
    "master_metadata_album_artist_name": "311",
    "master_metadata_album_album_name": "Transistor",
    "spotify_track_uri": "spotify:track:0LtsuNRz3IMRrHCYO9fKRk",
    "episode_name": null,
    "episode_show_name": null,
    "spotify_episode_uri": null,
    "reason_start": "unknown",
    "reason_end": "endplay",
    "shuffle": false,
    "skipped": true,
    "offline": null,
    "offline_timestamp": 0,
    "incognito_mode": false
  },
  {
    "ts": "2024-02-25T09:59:03Z",
    "username": "qpt236b07dt54upa5oea4q5cr",
    "platform": "android",
    "ms_played": 2129,
    "conn_country": "NO",
    "ip_addr_decrypted": "45.85.248.22",
    "user_agent_decrypted": "unknown",
    "master_metadata_track_name": "Hollow",
    "master_metadata_album_artist_name": "Pantera",
    "master_metadata_album_album_name": "Vulgar Display of Power",
    "spotify_track_uri": "spotify:track:1lM1ZHTvfKi5CMRjsZ4Sg9",
    "episode_name": null,
    "episode_show_name": null,
    "spotify_episode_uri": null,
    "reason_start": "unknown",
    "reason_end": "endplay",
    "shuffle": false,
    "skipped": true,
    "offline": null,
    "offline_timestamp": 0,
    "incognito_mode": false
  },
  {
    "ts": "2024-02-25T09:59:05Z",
    "username": "qpt236b07dt54upa5oea4q5cr",
    "platform": "android",
    "ms_played": 1674,
    "conn_country": "NO",
    "ip_addr_decrypted": "45.85.248.22",
    "user_agent_decrypted": "unknown",
    "master_metadata_track_name": "Livin' It Up",
    "master_metadata_album_artist_name": "Limp Bizkit",
    "master_metadata_album_album_name": "Chocolate Starfish And The Hot Dog Flavored Water",
    "spotify_track_uri": "spotify:track:0QepvU0N2fC2B5uIPafO1q",
    "episode_name": null,
    "episode_show_name": null,
    "spotify_episode_uri": null,
    "reason_start": "unknown",
    "reason_end": "endplay",
    "shuffle": false,
    "skipped": true,
    "offline": null,
    "offline_timestamp": 0,
    "incognito_mode": false
  },
  {
    "ts": "2024-02-25T09:59:09Z",
    "username": "qpt236b07dt54upa5oea4q5cr",
    "platform": "android",
    "ms_played": 3684,
    "conn_country": "NO",
    "ip_addr_decrypted": "45.85.248.22",
    "user_agent_decrypted": "unknown",
    "master_metadata_track_name": "kit",
    "master_metadata_album_artist_name": "julie",
    "master_metadata_album_album_name": "starjump / kit",
    "spotify_track_uri": "spotify:track:4OIFIhRhT2XRCqsvJASYSx",
    "episode_name": null,
    "episode_show_name": null,
    "spotify_episode_uri": null,
    "reason_start": "unknown",
    "reason_end": "endplay",
    "shuffle": false,
    "skipped": true,
    "offline": null,
    "offline_timestamp": 0,
    "incognito_mode": false
  },
  {
    "ts": "2024-02-25T09:59:13Z",
    "username": "qpt236b07dt54upa5oea4q5cr",
    "platform": "android",
    "ms_played": 3035,
    "conn_country": "NO",
    "ip_addr_decrypted": "45.85.248.22",
    "user_agent_decrypted": "unknown",
    "master_metadata_track_name": "Plush",
    "master_metadata_album_artist_name": "Stone Temple Pilots",
    "master_metadata_album_album_name": "Core",
    "spotify_track_uri": "spotify:track:3jJZVeExYzVYiV6Y9Fl3DX",
    "episode_name": null,
    "episode_show_name": null,
    "spotify_episode_uri": null,
    "reason_start": "unknown",
    "reason_end": "endplay",
    "shuffle": false,
    "skipped": true,
    "offline": null,
    "offline_timestamp": 0,
    "incognito_mode": false
  },
  {
    "ts": "2024-02-25T09:59:23Z",
    "username": "qpt236b07dt54upa5oea4q5cr",
    "platform": "android",
    "ms_played": 9852,
    "conn_country": "NO",
    "ip_addr_decrypted": "45.85.248.22",
    "user_agent_decrypted": "unknown",
    "master_metadata_track_name": "Blondie",
    "master_metadata_album_artist_name": "Current Joys",
    "master_metadata_album_album_name": "Wild Heart",
    "spotify_track_uri": "spotify:track:7sIx70dGj3VBiHWr0KZXfD",
    "episode_name": null,
    "episode_show_name": null,
    "spotify_episode_uri": null,
    "reason_start": "unknown",
    "reason_end": "endplay",
    "shuffle": false,
    "skipped": true,
    "offline": null,
    "offline_timestamp": 0,
    "incognito_mode": false
  },
  {
    "ts": "2024-02-26T08:51:11Z",
    "username": "qpt236b07dt54upa5oea4q5cr",
    "platform": "android",
    "ms_played": 29753,
    "conn_country": "NO",
    "ip_addr_decrypted": "45.85.248.22",
    "user_agent_decrypted": "unknown",
    "master_metadata_track_name": "Figure 8",
    "master_metadata_album_artist_name": "Paramore",
    "master_metadata_album_album_name": "This Is Why",
    "spotify_track_uri": "spotify:track:2Jb3hVkRFoiiwXYcELiBfC",
    "episode_name": null,
    "episode_show_name": null,
    "spotify_episode_uri": null,
    "reason_start": "unknown",
    "reason_end": "trackdone",
    "shuffle": false,
    "skipped": false,
    "offline": null,
    "offline_timestamp": 0,
    "incognito_mode": false
  },
  {
    "ts": "2024-02-26T08:51:12Z",
    "username": "qpt236b07dt54upa5oea4q5cr",
    "platform": "android",
    "ms_played": 742,
    "conn_country": "NO",
    "ip_addr_decrypted": "45.85.248.22",
    "user_agent_decrypted": "unknown",
    "master_metadata_track_name": "Figure 8",
    "master_metadata_album_artist_name": "Paramore",
    "master_metadata_album_album_name": "This Is Why",
    "spotify_track_uri": "spotify:track:2Jb3hVkRFoiiwXYcELiBfC",
    "episode_name": null,
    "episode_show_name": null,
    "spotify_episode_uri": null,
    "reason_start": "unknown",
    "reason_end": "endplay",
    "shuffle": false,
    "skipped": true,
    "offline": null,
    "offline_timestamp": 0,
    "incognito_mode": false
  },
  {
    "ts": "2024-02-26T08:51:21Z",
    "username": "qpt236b07dt54upa5oea4q5cr",
    "platform": "android",
    "ms_played": 7986,
    "conn_country": "NO",
    "ip_addr_decrypted": "45.85.248.22",
    "user_agent_decrypted": "unknown",
    "master_metadata_track_name": "Shy",
    "master_metadata_album_artist_name": "K.Flay",
    "master_metadata_album_album_name": "MONO",
    "spotify_track_uri": "spotify:track:5SEYml9HmHenpoGiE8va8o",
    "episode_name": null,
    "episode_show_name": null,
    "spotify_episode_uri": null,
    "reason_start": "unknown",
    "reason_end": "endplay",
    "shuffle": false,
    "skipped": true,
    "offline": null,
    "offline_timestamp": 0,
    "incognito_mode": false
  },
  {
    "ts": "2024-02-26T08:51:51Z",
    "username": "qpt236b07dt54upa5oea4q5cr",
    "platform": "android",
    "ms_played": 29753,
    "conn_country": "NO",
    "ip_addr_decrypted": "45.85.248.22",
    "user_agent_decrypted": "unknown",
    "master_metadata_track_name": "Without the I",
    "master_metadata_album_artist_name": "Elke",
    "master_metadata_album_album_name": "Without the I",
    "spotify_track_uri": "spotify:track:4E54ipt3p4nKiNOu0zghwA",
    "episode_name": null,
    "episode_show_name": null,
    "spotify_episode_uri": null,
    "reason_start": "unknown",
    "reason_end": "trackdone",
    "shuffle": false,
    "skipped": false,
    "offline": null,
    "offline_timestamp": 0,
    "incognito_mode": false
  },
  {
    "ts": "2024-02-26T08:51:52Z",
    "username": "qpt236b07dt54upa5oea4q5cr",
    "platform": "android",
    "ms_played": 1290,
    "conn_country": "NO",
    "ip_addr_decrypted": "45.85.248.22",
    "user_agent_decrypted": "unknown",
    "master_metadata_track_name": "Without the I",
    "master_metadata_album_artist_name": "Elke",
    "master_metadata_album_album_name": "Without the I",
    "spotify_track_uri": "spotify:track:4E54ipt3p4nKiNOu0zghwA",
    "episode_name": null,
    "episode_show_name": null,
    "spotify_episode_uri": null,
    "reason_start": "unknown",
    "reason_end": "endplay",
    "shuffle": false,
    "skipped": true,
    "offline": null,
    "offline_timestamp": 0,
    "incognito_mode": false
  },
  {
    "ts": "2024-02-26T08:52:08Z",
    "username": "qpt236b07dt54upa5oea4q5cr",
    "platform": "android",
    "ms_played": 15508,
    "conn_country": "NO",
    "ip_addr_decrypted": "45.85.248.22",
    "user_agent_decrypted": "unknown",
    "master_metadata_track_name": "Psychic Dance Routine",
    "master_metadata_album_artist_name": "Scowl",
    "master_metadata_album_album_name": "Psychic Dance Routine",
    "spotify_track_uri": "spotify:track:2m4gRuVMkQGhNaL3gHXr59",
    "episode_name": null,
    "episode_show_name": null,
    "spotify_episode_uri": null,
    "reason_start": "unknown",
    "reason_end": "endplay",
    "shuffle": false,
    "skipped": true,
    "offline": null,
    "offline_timestamp": 0,
    "incognito_mode": false
  },
  {
    "ts": "2024-02-26T08:52:11Z",
    "username": "qpt236b07dt54upa5oea4q5cr",
    "platform": "android",
    "ms_played": 2434,
    "conn_country": "NO",
    "ip_addr_decrypted": "45.85.248.22",
    "user_agent_decrypted": "unknown",
    "master_metadata_track_name": "Afterimage",
    "master_metadata_album_artist_name": "Delta Sleep",
    "master_metadata_album_album_name": "Afterimage",
    "spotify_track_uri": "spotify:track:1jvTa6BftIMdX7wqWlgCWv",
    "episode_name": null,
    "episode_show_name": null,
    "spotify_episode_uri": null,
    "reason_start": "unknown",
    "reason_end": "endplay",
    "shuffle": false,
    "skipped": true,
    "offline": null,
    "offline_timestamp": 0,
    "incognito_mode": false
  },
  {
    "ts": "2024-02-26T08:52:12Z",
    "username": "qpt236b07dt54upa5oea4q5cr",
    "platform": "android",
    "ms_played": 1052,
    "conn_country": "NO",
    "ip_addr_decrypted": "45.85.248.22",
    "user_agent_decrypted": "unknown",
    "master_metadata_track_name": "Old Wounds",
    "master_metadata_album_artist_name": "L.S. Dunes",
    "master_metadata_album_album_name": "Old Wounds",
    "spotify_track_uri": "spotify:track:75RGCZ1i8sxXMeBetvp84e",
    "episode_name": null,
    "episode_show_name": null,
    "spotify_episode_uri": null,
    "reason_start": "unknown",
    "reason_end": "endplay",
    "shuffle": false,
    "skipped": true,
    "offline": null,
    "offline_timestamp": 0,
    "incognito_mode": false
  },
  {
    "ts": "2024-02-26T08:52:14Z",
    "username": "qpt236b07dt54upa5oea4q5cr",
    "platform": "android",
    "ms_played": 1962,
    "conn_country": "NO",
    "ip_addr_decrypted": "45.85.248.22",
    "user_agent_decrypted": "unknown",
    "master_metadata_track_name": "What's Up?",
    "master_metadata_album_artist_name": "Mom Jeans.",
    "master_metadata_album_album_name": "Sweet Tooth",
    "spotify_track_uri": "spotify:track:141alNiSd9vG4Lb22BLHWM",
    "episode_name": null,
    "episode_show_name": null,
    "spotify_episode_uri": null,
    "reason_start": "unknown",
    "reason_end": "endplay",
    "shuffle": false,
    "skipped": true,
    "offline": null,
    "offline_timestamp": 0,
    "incognito_mode": false
  },
  {
    "ts": "2024-03-08T13:28:38Z",
    "username": "qpt236b07dt54upa5oea4q5cr",
    "platform": "android",
    "ms_played": 29753,
    "conn_country": "NO",
    "ip_addr_decrypted": "45.14.193.19",
    "user_agent_decrypted": "unknown",
    "master_metadata_track_name": "Ratamahatta",
    "master_metadata_album_artist_name": "Sepultura",
    "master_metadata_album_album_name": "Roots",
    "spotify_track_uri": "spotify:track:3Tg8JctqoeIwZ3Rue8BjaI",
    "episode_name": null,
    "episode_show_name": null,
    "spotify_episode_uri": null,
    "reason_start": "unknown",
    "reason_end": "trackdone",
    "shuffle": false,
    "skipped": false,
    "offline": null,
    "offline_timestamp": 0,
    "incognito_mode": false
  },
  {
    "ts": "2024-03-08T13:28:41Z",
    "username": "qpt236b07dt54upa5oea4q5cr",
    "platform": "android",
    "ms_played": 2713,
    "conn_country": "NO",
    "ip_addr_decrypted": "45.14.193.19",
    "user_agent_decrypted": "unknown",
    "master_metadata_track_name": "Ratamahatta",
    "master_metadata_album_artist_name": "Sepultura",
    "master_metadata_album_album_name": "Roots",
    "spotify_track_uri": "spotify:track:3Tg8JctqoeIwZ3Rue8BjaI",
    "episode_name": null,
    "episode_show_name": null,
    "spotify_episode_uri": null,
    "reason_start": "unknown",
    "reason_end": "endplay",
    "shuffle": false,
    "skipped": true,
    "offline": null,
    "offline_timestamp": 0,
    "incognito_mode": false
  },
  {
    "ts": "2024-03-08T13:29:06Z",
    "username": "qpt236b07dt54upa5oea4q5cr",
    "platform": "android",
    "ms_played": 24523,
    "conn_country": "NO",
    "ip_addr_decrypted": "45.14.193.19",
    "user_agent_decrypted": "unknown",
    "master_metadata_track_name": "D.N.R. (Do Not Resuscitate)",
    "master_metadata_album_artist_name": "Testament",
    "master_metadata_album_album_name": "The Gathering",
    "spotify_track_uri": "spotify:track:15MwrEdteIbx0VZSJsXtia",
    "episode_name": null,
    "episode_show_name": null,
    "spotify_episode_uri": null,
    "reason_start": "unknown",
    "reason_end": "endplay",
    "shuffle": false,
    "skipped": true,
    "offline": null,
    "offline_timestamp": 0,
    "incognito_mode": false
  },
  {
    "ts": "2024-03-08T21:04:19Z",
    "username": "qpt236b07dt54upa5oea4q5cr",
    "platform": "android",
    "ms_played": 53907,
    "conn_country": "NO",
    "ip_addr_decrypted": "45.14.193.19",
    "user_agent_decrypted": "unknown",
    "master_metadata_track_name": null,
    "master_metadata_album_artist_name": null,
    "master_metadata_album_album_name": null,
    "spotify_track_uri": null,
    "episode_name": "#2116 - Kevin James",
    "episode_show_name": "The Joe Rogan Experience",
    "spotify_episode_uri": "spotify:episode:1VW5iEI0zWJceq1W1intct",
    "reason_start": "trackdone",
    "reason_end": "endplay",
    "shuffle": false,
    "skipped": true,
    "offline": null,
    "offline_timestamp": 0,
    "incognito_mode": false
  },
  {
    "ts": "2024-03-09T23:00:25Z",
    "username": "qpt236b07dt54upa5oea4q5cr",
    "platform": "android",
    "ms_played": 29737,
    "conn_country": "NO",
    "ip_addr_decrypted": "45.14.192.189",
    "user_agent_decrypted": "unknown",
    "master_metadata_track_name": null,
    "master_metadata_album_artist_name": null,
    "master_metadata_album_album_name": null,
    "spotify_track_uri": null,
    "episode_name": null,
    "episode_show_name": null,
    "spotify_episode_uri": null,
    "reason_start": "unknown",
    "reason_end": "trackdone",
    "shuffle": false,
    "skipped": false,
    "offline": null,
    "offline_timestamp": 0,
    "incognito_mode": false
  },
  {
    "ts": "2024-03-09T23:00:26Z",
    "username": "qpt236b07dt54upa5oea4q5cr",
    "platform": "android",
    "ms_played": 504,
    "conn_country": "NO",
    "ip_addr_decrypted": "45.14.192.189",
    "user_agent_decrypted": "unknown",
    "master_metadata_track_name": null,
    "master_metadata_album_artist_name": null,
    "master_metadata_album_album_name": null,
    "spotify_track_uri": null,
    "episode_name": null,
    "episode_show_name": null,
    "spotify_episode_uri": null,
    "reason_start": "unknown",
    "reason_end": "endplay",
    "shuffle": false,
    "skipped": true,
    "offline": null,
    "offline_timestamp": 0,
    "incognito_mode": false
  },
  {
    "ts": "2024-03-21T19:57:44Z",
    "username": "qpt236b07dt54upa5oea4q5cr",
    "platform": "android",
    "ms_played": 463,
    "conn_country": "NO",
    "ip_addr_decrypted": "78.156.2.153",
    "user_agent_decrypted": "unknown",
    "master_metadata_track_name": "Collard Greens",
    "master_metadata_album_artist_name": "ScHoolboy Q",
    "master_metadata_album_album_name": "Oxymoron",
    "spotify_track_uri": "spotify:track:0zO8ctW0UiuOefR87OeJOZ",
    "episode_name": null,
    "episode_show_name": null,
    "spotify_episode_uri": null,
    "reason_start": "unknown",
    "reason_end": "endplay",
    "shuffle": false,
    "skipped": true,
    "offline": null,
    "offline_timestamp": 0,
    "incognito_mode": false
  },
  {
    "ts": "2024-04-05T21:19:01Z",
    "username": "qpt236b07dt54upa5oea4q5cr",
    "platform": "android",
    "ms_played": 272,
    "conn_country": "NO",
    "ip_addr_decrypted": "45.88.221.137",
    "user_agent_decrypted": "unknown",
    "master_metadata_track_name": "On the Nature of Daylight",
    "master_metadata_album_artist_name": "Max Richter",
    "master_metadata_album_album_name": "The Blue Notebooks",
    "spotify_track_uri": "spotify:track:56oReVXIfUO9xkX7pHmEU0",
    "episode_name": null,
    "episode_show_name": null,
    "spotify_episode_uri": null,
    "reason_start": "unknown",
    "reason_end": "endplay",
    "shuffle": false,
    "skipped": true,
    "offline": null,
    "offline_timestamp": 0,
    "incognito_mode": false
  },
  {
    "ts": "2024-04-05T21:19:02Z",
    "username": "qpt236b07dt54upa5oea4q5cr",
    "platform": "android",
    "ms_played": 606,
    "conn_country": "NO",
    "ip_addr_decrypted": "45.88.221.137",
    "user_agent_decrypted": "unknown",
    "master_metadata_track_name": "PRBLMS",
    "master_metadata_album_artist_name": "6LACK",
    "master_metadata_album_album_name": "FREE 6LACK",
    "spotify_track_uri": "spotify:track:4AtZRwSR8BOTTQg5ihSggt",
    "episode_name": null,
    "episode_show_name": null,
    "spotify_episode_uri": null,
    "reason_start": "unknown",
    "reason_end": "endplay",
    "shuffle": false,
    "skipped": true,
    "offline": null,
    "offline_timestamp": 0,
    "incognito_mode": false
  },
  {
    "ts": "2024-04-05T21:19:02Z",
    "username": "qpt236b07dt54upa5oea4q5cr",
    "platform": "android",
    "ms_played": 303,
    "conn_country": "NO",
    "ip_addr_decrypted": "45.88.221.137",
    "user_agent_decrypted": "unknown",
    "master_metadata_track_name": "Rock the Casbah - Remastered",
    "master_metadata_album_artist_name": "The Clash",
    "master_metadata_album_album_name": "Combat Rock (Remastered)",
    "spotify_track_uri": "spotify:track:56KqaFSGTb7ifpt16t5Y1N",
    "episode_name": null,
    "episode_show_name": null,
    "spotify_episode_uri": null,
    "reason_start": "unknown",
    "reason_end": "endplay",
    "shuffle": false,
    "skipped": true,
    "offline": null,
    "offline_timestamp": 0,
    "incognito_mode": false
  },
  {
    "ts": "2024-04-05T21:19:02Z",
    "username": "qpt236b07dt54upa5oea4q5cr",
    "platform": "android",
    "ms_played": 0,
    "conn_country": "NO",
    "ip_addr_decrypted": "45.88.221.137",
    "user_agent_decrypted": "unknown",
    "master_metadata_track_name": "Rock the Casbah - Remastered",
    "master_metadata_album_artist_name": "The Clash",
    "master_metadata_album_album_name": "Combat Rock (Remastered)",
    "spotify_track_uri": "spotify:track:56KqaFSGTb7ifpt16t5Y1N",
    "episode_name": null,
    "episode_show_name": null,
    "spotify_episode_uri": null,
    "reason_start": "unknown",
    "reason_end": "endplay",
    "shuffle": false,
    "skipped": true,
    "offline": null,
    "offline_timestamp": 0,
    "incognito_mode": false
  },
  {
    "ts": "2024-04-05T21:19:03Z",
    "username": "qpt236b07dt54upa5oea4q5cr",
    "platform": "android",
    "ms_played": 140,
    "conn_country": "NO",
    "ip_addr_decrypted": "45.88.221.137",
    "user_agent_decrypted": "unknown",
    "master_metadata_track_name": "On the Nature of Daylight",
    "master_metadata_album_artist_name": "Max Richter",
    "master_metadata_album_album_name": "The Blue Notebooks",
    "spotify_track_uri": "spotify:track:56oReVXIfUO9xkX7pHmEU0",
    "episode_name": null,
    "episode_show_name": null,
    "spotify_episode_uri": null,
    "reason_start": "unknown",
    "reason_end": "endplay",
    "shuffle": false,
    "skipped": true,
    "offline": null,
    "offline_timestamp": 0,
    "incognito_mode": false
  },
  {
    "ts": "2024-04-05T21:19:03Z",
    "username": "qpt236b07dt54upa5oea4q5cr",
    "platform": "android",
    "ms_played": 101,
    "conn_country": "NO",
    "ip_addr_decrypted": "45.88.221.137",
    "user_agent_decrypted": "unknown",
    "master_metadata_track_name": "PRBLMS",
    "master_metadata_album_artist_name": "6LACK",
    "master_metadata_album_album_name": "FREE 6LACK",
    "spotify_track_uri": "spotify:track:4AtZRwSR8BOTTQg5ihSggt",
    "episode_name": null,
    "episode_show_name": null,
    "spotify_episode_uri": null,
    "reason_start": "unknown",
    "reason_end": "endplay",
    "shuffle": false,
    "skipped": true,
    "offline": null,
    "offline_timestamp": 0,
    "incognito_mode": false
  },
  {
    "ts": "2024-07-06T18:18:36Z",
    "username": "qpt236b07dt54upa5oea4q5cr",
    "platform": "android",
    "ms_played": 11437,
    "conn_country": "NO",
    "ip_addr_decrypted": "45.14.192.46",
    "user_agent_decrypted": "unknown",
    "master_metadata_track_name": "Heaven's Broken Heart",
    "master_metadata_album_artist_name": "Boundaries",
    "master_metadata_album_album_name": "Burying Brightness",
    "spotify_track_uri": "spotify:track:5rdlHYt2hsT9WS6oCWK9CQ",
    "episode_name": null,
    "episode_show_name": null,
    "spotify_episode_uri": null,
    "reason_start": "unknown",
    "reason_end": "endplay",
    "shuffle": false,
    "skipped": true,
    "offline": null,
    "offline_timestamp": 0,
    "incognito_mode": false
  },
  {
    "ts": "2024-09-20T19:47:24Z",
    "username": "qpt236b07dt54upa5oea4q5cr",
    "platform": "tizen",
    "ms_played": 109447,
    "conn_country": "NO",
    "ip_addr_decrypted": "84.210.149.46",
    "user_agent_decrypted": "63045703",
    "master_metadata_track_name": null,
    "master_metadata_album_artist_name": null,
    "master_metadata_album_album_name": null,
    "spotify_track_uri": null,
    "episode_name": "#2201 - Robert Epstein",
    "episode_show_name": "The Joe Rogan Experience",
    "spotify_episode_uri": "spotify:episode:2GRJYz6ZMtVlUfqaqhro5o",
    "reason_start": "playbtn",
    "reason_end": "endplay",
    "shuffle": false,
    "skipped": true,
    "offline": false,
    "offline_timestamp": 1726861530,
    "incognito_mode": false
  }
]